,,,"Average Covered Charges: The provider's average charge for services covered by Medicare for all discharges in the MS-DRG. These will vary from hospital to hospital because of differences in hospital charge structures. Average Total Payments: The average total payments to all providers for the MS-DRG including the MSDRG amount, teaching, disproportionate share, capital, and outlier payments for all cases. Also included in average total payments are co-payment and deductible amounts that the patient is responsible for and any additional payments by third parties for coordination of benefits. 5 Average Medicare Payments: The average amount that Medicare pays to the provider for Medicare's share of the MS-DRG. Average Medicare payment amounts include the MS-DRG amount, teaching, disproportionate share, capital, and outlier payments for all cases.",,,,,,,,,
DRG Definition,Provider Id,Provider Name,Provider Street Address,Provider City,Provider State,Provider Zip Code,Hospital Referral Region (HRR) Description,Total Discharges,Average Covered Charges ($),Average Total Payments ($),Average Medicare Payments ($),Hospital Rating
001 - ALCOHOL/DRUG ABUSE OR DEPENDENCE W/O REHABILITATION THERAPY W MCC,50599,UNIVERSITY OF CALIFORNIA DAVIS MEDICAL CENTER,xxxxxx,SACRAMENTO,CA,95817,CA - Sacramento,13,193984.846153846,27075.2307692308,22494.4615384615,3.2
"001 - ALCOHOL/DRUG ABUSE OR DEPENDENCE, LEFT AMA",50543,COLLEGE HOSPITAL COSTA MESA,xxxxxx,COSTA MESA,CA,92627,CA - Orange County,21,8849.71428571428,25666.5714285714,24895.5238095238,4.7
001 - ALCOHOL/DRUG ABUSE OR DEPENDENCE W REHABILITATION THERAPY,330009,BRONX-LEBANON HOSPITAL CENTER,xxxxxx,BRONX,NY,10456,NY - Bronx,37,15698.7837837838,25236.6756756757,20984.6756756757,3.7
"001 - ALCOHOL/DRUG ABUSE OR DEPENDENCE, LEFT AMA",390025,KENSINGTON HOSPITAL,xxxxxx,PHILADELPHIA,PA,19122,PA - Philadelphia,13,3454.46153846154,23388.3076923077,22361.8461538462,4
001 - ALCOHOL/DRUG ABUSE OR DEPENDENCE W/O REHABILITATION THERAPY W MCC,50152,SAINT FRANCIS MEMORIAL HOSPITAL,xxxxxx,SAN FRANCISCO,CA,94109,CA - San Francisco,17,200676.588235294,23199.9411764706,22065.7058823529,2.1
001 - ALCOHOL/DRUG ABUSE OR DEPENDENCE W/O REHABILITATION THERAPY W MCC,50125,REGIONAL MEDICAL CENTER OF SAN JOSE,xxxxxx,SAN JOSE,CA,95116,CA - San Jose,13,139452.538461538,21370.8461538462,13320.8461538462,4
001 - ALCOHOL/DRUG ABUSE OR DEPENDENCE W/O REHABILITATION THERAPY W MCC,310058,BERGEN REGIONAL MEDICAL CENTER,xxxxxx,PARAMUS,NJ,7652,NJ - Hackensack,11,38367.5454545454,20952.8181818182,18809.3636363636,4.6
001 - ALCOHOL/DRUG ABUSE OR DEPENDENCE W REHABILITATION THERAPY,330219,ERIE COUNTY MEDICAL CENTER,xxxxxx,BUFFALO,NY,14215,NY - Buffalo,12,33385.3333333333,20779.5833333333,11056.25,3
001 - ALCOHOL/DRUG ABUSE OR DEPENDENCE W/O REHABILITATION THERAPY W MCC,50360,MARIN GENERAL HOSPITAL,xxxxxx,GREENBRAE,CA,94904,CA - San Francisco,13,174802.769230769,20702.8461538462,19678.7692307692,4.3
001 - ALCOHOL/DRUG ABUSE OR DEPENDENCE W/O REHABILITATION THERAPY W MCC,60011,DENVER HEALTH MEDICAL CENTER,xxxxxx,DENVER,CO,80204,CO - Denver,20,43885.8,20591.4,18405.5,4.6
001 - ALCOHOL/DRUG ABUSE OR DEPENDENCE W/O REHABILITATION THERAPY W MCC,220031,BOSTON MEDICAL CENTER CORPORATION,xxxxxx,BOSTON,MA,2118,MA - Boston,18,25366,19316.5555555556,17188.5555555556,3.8
001 - ALCOHOL/DRUG ABUSE OR DEPENDENCE W/O REHABILITATION THERAPY W MCC,330169,BETH ISRAEL MEDICAL CENTER,xxxxxx,NEW YORK,NY,10003,NY - Manhattan,15,64841.5333333333,19086.0666666667,17202.4666666667,3.2
001 - ALCOHOL/DRUG ABUSE OR DEPENDENCE W/O REHABILITATION THERAPY W MCC,450388,METHODIST HOSPITAL,xxxxxx,SAN ANTONIO,TX,78229,TX - San Antonio,12,81174.9166666667,18951.75,10256.5,2.5
001 - ALCOHOL/DRUG ABUSE OR DEPENDENCE W/O REHABILITATION THERAPY W MCC,210015,MEDSTAR FRANKLIN SQUARE MEDICAL CENTER,xxxxxx,BALTIMORE,MD,21237,MD - Baltimore,14,20095.5,18533,17479.3571428571,4.2
001 - ALCOHOL/DRUG ABUSE OR DEPENDENCE W/O REHABILITATION THERAPY W MCC,240004,HENNEPIN COUNTY MEDICAL CENTER,xxxxxx,MINNEAPOLIS,MN,55415,MN - Minneapolis,19,34118.6842105263,18434.1052631579,15876,3.9
001 - ALCOHOL/DRUG ABUSE OR DEPENDENCE W/O REHABILITATION THERAPY W MCC,110079,GRADY MEMORIAL HOSPITAL,xxxxxx,ATLANTA,GA,30303,GA - Atlanta,15,79727.8666666667,17951.3333333333,17097.5333333333,3.8
001 - ALCOHOL/DRUG ABUSE OR DEPENDENCE W/O REHABILITATION THERAPY W MCC,30023,FLAGSTAFF MEDICAL CENTER,xxxxxx,FLAGSTAFF,AZ,86001,AZ - Phoenix,11,51279,17896.6363636364,15999.1818181818,2.1
001 - ALCOHOL/DRUG ABUSE OR DEPENDENCE W/O REHABILITATION THERAPY W MCC,220011,CAMBRIDGE HEALTH ALLIANCE,xxxxxx,CAMBRIDGE,MA,2138,MA - Boston,15,23059.9333333333,17325,15237.5333333333,2.3
001 - ALCOHOL/DRUG ABUSE OR DEPENDENCE W/O REHABILITATION THERAPY W MCC,220163,UMASS MEMORIAL MEDICAL CENTER INC,xxxxxx,WORCESTER,MA,1655,MA - Worcester,21,48445.7142857143,17289.9523809524,14719,2.2
001 - ALCOHOL/DRUG ABUSE OR DEPENDENCE W/O REHABILITATION THERAPY W MCC,330046,ST LUKE'S ROOSEVELT HOSPITAL,xxxxxx,NEW YORK,NY,10025,NY - Manhattan,14,42037.3571428571,17135.6428571429,15177,4.7
001 - ALCOHOL/DRUG ABUSE OR DEPENDENCE W/O REHABILITATION THERAPY W MCC,70022,YALE-NEW HAVEN HOSPITAL,xxxxxx,NEW HAVEN,CT,6504,CT - New Haven,31,60866.0967741935,17050.064516129,14909,2.6
001 - ALCOHOL/DRUG ABUSE OR DEPENDENCE W REHABILITATION THERAPY,330046,ST LUKE'S ROOSEVELT HOSPITAL,xxxxxx,NEW YORK,NY,10025,NY - Manhattan,73,55853.7534246575,16948.5205479452,12746.4657534247,3.2
001 - ALCOHOL/DRUG ABUSE OR DEPENDENCE W/O REHABILITATION THERAPY W MCC,330101,NEW YORK-PRESBYTERIAN HOSPITAL,xxxxxx,NEW YORK,NY,10021,NY - Manhattan,11,41026.1818181818,16938.1818181818,15076.1818181818,4.3
001 - ALCOHOL/DRUG ABUSE OR DEPENDENCE W/O REHABILITATION THERAPY W MCC,220086,BETH ISRAEL DEACONESS MEDICAL CENTER,xxxxxx,BOSTON,MA,2215,MA - Boston,20,23818.15,16196.5,14052.7,4
001 - ALCOHOL/DRUG ABUSE OR DEPENDENCE W/O REHABILITATION THERAPY W MCC,300001,CONCORD HOSPITAL,xxxxxx,CONCORD,NH,3301,NH - Manchester,12,66574.25,16152.3333333333,14713,3.5
001 - ALCOHOL/DRUG ABUSE OR DEPENDENCE W/O REHABILITATION THERAPY W MCC,220071,MASSACHUSETTS GENERAL HOSPITAL,xxxxxx,BOSTON,MA,2114,MA - Boston,13,45150.5384615385,15975,14339.3846153846,2
001 - ALCOHOL/DRUG ABUSE OR DEPENDENCE W REHABILITATION THERAPY,330101,NEW YORK-PRESBYTERIAN HOSPITAL,xxxxxx,NEW YORK,NY,10021,NY - Manhattan,50,40378.44,15812.02,12333.58,4.9
"001 - ALCOHOL/DRUG ABUSE OR DEPENDENCE, LEFT AMA",330009,BRONX-LEBANON HOSPITAL CENTER,xxxxxx,BRONX,NY,10456,NY - Bronx,29,7431.34482758621,15586.4137931034,14002.4137931034,2.5
001 - ALCOHOL/DRUG ABUSE OR DEPENDENCE W/O REHABILITATION THERAPY W MCC,150056,INDIANA UNIVERSITY HEALTH,xxxxxx,INDIANAPOLIS,IN,46202,IN - Indianapolis,13,53129.0769230769,15562.9230769231,12845.1538461538,3.7
001 - ALCOHOL/DRUG ABUSE OR DEPENDENCE W/O REHABILITATION THERAPY W MCC,70025,HARTFORD HOSPITAL,xxxxxx,HARTFORD,CT,6102,CT - Hartford,21,46850.5714285714,15407.5714285714,13011.9047619048,4.9
001 - ALCOHOL/DRUG ABUSE OR DEPENDENCE W/O REHABILITATION THERAPY W MCC,50060,COMMUNITY REGIONAL MEDICAL CENTER,xxxxxx,FRESNO,CA,93715,CA - Fresno,14,66223.3571428571,15353.0714285714,14301.7142857143,5
001 - ALCOHOL/DRUG ABUSE OR DEPENDENCE W REHABILITATION THERAPY,330169,BETH ISRAEL MEDICAL CENTER,xxxxxx,NEW YORK,NY,10003,NY - Manhattan,31,62264.7419354839,15243.5483870968,11367.7419354839,2.2
001 - ALCOHOL/DRUG ABUSE OR DEPENDENCE W/O REHABILITATION THERAPY W MCC,240010,MAYO CLINIC HOSPITAL ROCHESTER,xxxxxx,ROCHESTER,MN,55902,MN - Rochester,11,26124.1818181818,15174.4545454545,9904.63636363636,2
001 - ALCOHOL/DRUG ABUSE OR DEPENDENCE W/O REHABILITATION THERAPY W MCC,240115,MERCY HOSPITAL,xxxxxx,COON RAPIDS,MN,55433,MN - Minneapolis,13,32603.3846153846,15112.6923076923,8134,3.5
"001 - ALCOHOL/DRUG ABUSE OR DEPENDENCE, LEFT AMA",330202,KINGS COUNTY HOSPITAL CENTER,xxxxxx,BROOKLYN,NY,11203,NY - Manhattan,11,7615.63636363636,15046.3636363636,13557.3636363636,2.4
001 - ALCOHOL/DRUG ABUSE OR DEPENDENCE W/O REHABILITATION THERAPY W MCC,410007,RHODE ISLAND HOSPITAL,xxxxxx,PROVIDENCE,RI,2903,RI - Providence,29,36233.2068965517,14905.4827586207,12984.1034482759,3.4
001 - ALCOHOL/DRUG ABUSE OR DEPENDENCE W/O REHABILITATION THERAPY W MCC,320021,PRESBYTERIAN HOSPITAL,xxxxxx,ALBUQUERQUE,NM,87106,NM - Albuquerque,13,53565.3076923077,14891.8461538462,13219.3076923077,4.9
001 - ALCOHOL/DRUG ABUSE OR DEPENDENCE W/O REHABILITATION THERAPY W MCC,50108,SUTTER GENERAL HOSPITAL,xxxxxx,SACRAMENTO,CA,95816,CA - Sacramento,14,53778.2142857143,14816.8571428571,13629,2.7
001 - ALCOHOL/DRUG ABUSE OR DEPENDENCE W/O REHABILITATION THERAPY W MCC,360085,OHIO STATE UNIVERSITY HOSPITALS,xxxxxx,COLUMBUS,OH,43210,OH - Columbus,16,55614.125,14768.6875,11573.0625,4.6
001 - ALCOHOL/DRUG ABUSE OR DEPENDENCE W/O REHABILITATION THERAPY W MCC,180067,UNIVERSITY OF KENTUCKY HOSPITAL,xxxxxx,LEXINGTON,KY,40536,KY - Lexington,21,34775.0476190476,14610.8095238095,10747.4761904762,3.1
001 - ALCOHOL/DRUG ABUSE OR DEPENDENCE W/O REHABILITATION THERAPY W MCC,240001,NORTH MEMORIAL MEDICAL CENTER,xxxxxx,ROBBINSDALE,MN,55422,MN - Minneapolis,11,81013.3636363636,14604.6363636364,13442.4545454545,4.5
001 - ALCOHOL/DRUG ABUSE OR DEPENDENCE W/O REHABILITATION THERAPY W MCC,100113,UF HEALTH SHANDS HOSPITAL,xxxxxx,GAINESVILLE,FL,32610,FL - Gainesville,15,29188.3333333333,14600.2,12661.9333333333,3.6
001 - ALCOHOL/DRUG ABUSE OR DEPENDENCE W/O REHABILITATION THERAPY W MCC,230273,DETROIT RECEIVING HOSPITAL & UNIV HEALTH CENTER,xxxxxx,DETROIT,MI,48201,MI - Detroit,11,28188,14559.2727272727,13137.3636363636,2.9
001 - ALCOHOL/DRUG ABUSE OR DEPENDENCE W/O REHABILITATION THERAPY W MCC,140223,ADVOCATE LUTHERAN GENERAL HOSPITAL,xxxxxx,PARK RIDGE,IL,60068,IL - Evanston,19,59329.3684210526,14536.2631578947,11234.6842105263,2.4
001 - ALCOHOL/DRUG ABUSE OR DEPENDENCE W/O REHABILITATION THERAPY W MCC,230132,HURLEY MEDICAL CENTER,xxxxxx,FLINT,MI,48503,MI - Flint,16,23728.4375,14328.125,13143.125,2.7
001 - ALCOHOL/DRUG ABUSE OR DEPENDENCE W/O REHABILITATION THERAPY W MCC,80001,"CHRISTIANA CARE HEALTH SERVICES, INC.",xxxxxx,NEWARK,DE,19718,DE - Wilmington,29,33240.4827586207,14207.3793103448,12016.4482758621,2.6
001 - ALCOHOL/DRUG ABUSE OR DEPENDENCE W/O REHABILITATION THERAPY W MCC,330208,ST JOHN'S RIVERSIDE HOSPITAL,xxxxxx,YONKERS,NY,10701,NY - White Plains,20,10759.45,14158.25,13202.3,2.7
001 - ALCOHOL/DRUG ABUSE OR DEPENDENCE W/O REHABILITATION THERAPY W MCC,50135,SOUTHERN CALIFORNIA HOSPITAL AT HOLLYWOOD,xxxxxx,HOLLYWOOD,CA,90028,CA - Los Angeles,17,32629.8235294118,14139.2941176471,13425.8823529412,2.8
001 - ALCOHOL/DRUG ABUSE OR DEPENDENCE W/O REHABILITATION THERAPY W MCC,340113,CAROLINAS MEDICAL CENTER/BEHAV HEALTH,xxxxxx,CHARLOTTE,NC,28203,NC - Charlotte,22,29880.7727272727,13896.2727272727,10671.9545454545,2.2
001 - ALCOHOL/DRUG ABUSE OR DEPENDENCE W/O REHABILITATION THERAPY W MCC,70028,ST VINCENT'S MEDICAL CENTER,xxxxxx,BRIDGEPORT,CT,6606,CT - Bridgeport,13,56066.1538461538,13851,12274.7692307692,4.1
001 - ALCOHOL/DRUG ABUSE OR DEPENDENCE W REHABILITATION THERAPY,390132,ST JOSEPH'S HOSPITAL,xxxxxx,PHILADELPHIA,PA,19130,PA - Philadelphia,17,95864.294117647,13832.2352941176,11773.7058823529,2.6
"001 - ALCOHOL/DRUG ABUSE OR DEPENDENCE, LEFT AMA",330396,WOODHULL MEDICAL AND MENTAL HEALTH CENTER,xxxxxx,BROOKLYN,NY,11206,NY - Manhattan,13,7736.69230769231,13561.8461538462,12374.1538461538,3
001 - ALCOHOL/DRUG ABUSE OR DEPENDENCE W/O REHABILITATION THERAPY W MCC,50625,CEDARS-SINAI MEDICAL CENTER,xxxxxx,LOS ANGELES,CA,90048,CA - Los Angeles,11,93122.0909090909,13248.2727272727,11284.0909090909,3.8
001 - ALCOHOL/DRUG ABUSE OR DEPENDENCE W/O REHABILITATION THERAPY W MCC,140281,NORTHWESTERN MEMORIAL HOSPITAL,xxxxxx,CHICAGO,IL,60611,IL - Chicago,12,42260.75,13242.6666666667,10378.25,4.2
"001 - ALCOHOL/DRUG ABUSE OR DEPENDENCE, LEFT AMA",330204,BELLEVUE HOSPITAL CENTER,xxxxxx,NEW YORK,NY,10016,NY - Manhattan,16,5965.25,13242.4375,12564.4375,2.4
001 - ALCOHOL/DRUG ABUSE OR DEPENDENCE W/O REHABILITATION THERAPY W MCC,340040,VIDANT MEDICAL CENTER,xxxxxx,GREENVILLE,NC,27834,NC - Greenville,16,41049.5625,13200.375,10395.75,4.2
001 - ALCOHOL/DRUG ABUSE OR DEPENDENCE W/O REHABILITATION THERAPY W MCC,390028,UPMC MERCY,xxxxxx,PITTSBURGH,PA,15219,PA - Pittsburgh,12,19675.75,13187.8333333333,9412.16666666667,2.2
001 - ALCOHOL/DRUG ABUSE OR DEPENDENCE W REHABILITATION THERAPY,330160,STATEN ISLAND UNIVERSITY HOSPITAL,xxxxxx,STATEN ISLAND,NY,10305,NY - Manhattan,51,78715.7450980392,13085.9607843137,10852.1960784314,3.6
001 - ALCOHOL/DRUG ABUSE OR DEPENDENCE W/O REHABILITATION THERAPY W MCC,70007,LAWRENCE & MEMORIAL HOSPITAL,xxxxxx,NEW LONDON,CT,6320,CT - New Haven,13,31929.1538461538,13046.8461538462,10131.8461538462,2.8
001 - ALCOHOL/DRUG ABUSE OR DEPENDENCE W/O REHABILITATION THERAPY W MCC,130006,ST LUKE'S REGIONAL MEDICAL CENTER,xxxxxx,BOISE,ID,83712,ID - Boise,13,37132.2307692308,12931.9230769231,12399.1538461538,2.4
001 - ALCOHOL/DRUG ABUSE OR DEPENDENCE W REHABILITATION THERAPY,330208,ST JOHN'S RIVERSIDE HOSPITAL,xxxxxx,YONKERS,NY,10701,NY - White Plains,104,38229,12902.8846153846,10310.25,2.7
001 - ALCOHOL/DRUG ABUSE OR DEPENDENCE W/O REHABILITATION THERAPY W MCC,220012,CAPE COD HOSPITAL,xxxxxx,HYANNIS,MA,2601,MA - Boston,18,19032.8333333333,12894.7222222222,11425.0555555556,3.7
001 - ALCOHOL/DRUG ABUSE OR DEPENDENCE W/O REHABILITATION THERAPY W MCC,220171,"LAHEY HOSPITAL & MEDICAL CENTER, BURLINGTON",xxxxxx,BURLINGTON,MA,1803,MA - Boston,11,12561.6363636364,12813.1818181818,11269.9090909091,3.5
001 - ALCOHOL/DRUG ABUSE OR DEPENDENCE W/O REHABILITATION THERAPY W MCC,240106,REGIONS HOSPITAL,xxxxxx,SAINT PAUL,MN,55101,MN - St. Paul,15,29186.4666666667,12771.4,11685.7333333333,3.4
001 - ALCOHOL/DRUG ABUSE OR DEPENDENCE W/O REHABILITATION THERAPY W MCC,300020,SOUTHERN NH MEDICAL CENTER,xxxxxx,NASHUA,NH,3060,NH - Manchester,12,45708.9166666667,12612.3333333333,11806.4166666667,2.7
001 - ALCOHOL/DRUG ABUSE OR DEPENDENCE W/O REHABILITATION THERAPY W MCC,50007,MILLS-PENINSULA MEDICAL CENTER,xxxxxx,BURLINGAME,CA,94010,CA - San Mateo County,11,41906.7272727273,12592.6363636364,10284.4545454545,4
001 - ALCOHOL/DRUG ABUSE OR DEPENDENCE W/O REHABILITATION THERAPY W MCC,100007,FLORIDA HOSPITAL,xxxxxx,ORLANDO,FL,32803,FL - Orlando,17,71658.3529411765,12535.5294117647,10972.7058823529,4.8
001 - ALCOHOL/DRUG ABUSE OR DEPENDENCE W REHABILITATION THERAPY,220036,ST ELIZABETH'S MEDICAL CENTER,xxxxxx,BRIGHTON,MA,2135,MA - Boston,114,5018.85964912281,12531.9210526316,11154.5350877193,3.3
001 - ALCOHOL/DRUG ABUSE OR DEPENDENCE W/O REHABILITATION THERAPY W MCC,310086,KENNEDY UNIVERSITY HOSPITAL - STRATFORD DIV,xxxxxx,STRATFORD,NJ,8084,NJ - Camden,17,103046.235294118,12516.7058823529,10457.5882352941,4.9
001 - ALCOHOL/DRUG ABUSE OR DEPENDENCE W/O REHABILITATION THERAPY W MCC,420078,GHS GREENVILLE MEMORIAL HOSPITAL,xxxxxx,GREENVILLE,SC,29605,SC - Greenville,19,44130.7368421053,12505.4210526316,9900.68421052631,4.1
001 - ALCOHOL/DRUG ABUSE OR DEPENDENCE W REHABILITATION THERAPY,330006,ST JOSEPH'S MEDICAL CENTER,xxxxxx,YONKERS,NY,10701,NY - White Plains,96,14189.75,12441.0208333333,11283.3333333333,4.4
001 - ALCOHOL/DRUG ABUSE OR DEPENDENCE W/O REHABILITATION THERAPY W MCC,230197,GENESYS REGIONAL MEDICAL CENTER - HEALTH PARK,xxxxxx,GRAND BLANC,MI,48439,MI - Flint,12,32014,12330.1666666667,10783.5,4.8
001 - ALCOHOL/DRUG ABUSE OR DEPENDENCE W REHABILITATION THERAPY,330234,WESTCHESTER MEDICAL CENTER,xxxxxx,VALHALLA,NY,10595,NY - White Plains,13,71759.1538461538,12233.3076923077,11461.6153846154,2.5
001 - ALCOHOL/DRUG ABUSE OR DEPENDENCE W/O REHABILITATION THERAPY W MCC,240057,ABBOTT NORTHWESTERN HOSPITAL,xxxxxx,MINNEAPOLIS,MN,55407,MN - Minneapolis,16,39658.5625,12194.125,11428.1875,4.9
001 - ALCOHOL/DRUG ABUSE OR DEPENDENCE W/O REHABILITATION THERAPY W MCC,220063,LOWELL GENERAL HOSPITAL,xxxxxx,LOWELL,MA,1854,MA - Boston,13,38529.3846153846,12147.6923076923,11027.6923076923,2.3
001 - ALCOHOL/DRUG ABUSE OR DEPENDENCE W/O REHABILITATION THERAPY W MCC,30065,BANNER DESERT MEDICAL CENTER,xxxxxx,MESA,AZ,85202,AZ - Mesa,12,44071.4166666667,12134.3333333333,11331.6666666667,2.2
001 - ALCOHOL/DRUG ABUSE OR DEPENDENCE W/O REHABILITATION THERAPY W MCC,240036,ST CLOUD HOSPITAL,xxxxxx,SAINT CLOUD,MN,56303,MN - St. Cloud,14,22920.5,12062.8571428571,10980.0714285714,3
"001 - ALCOHOL/DRUG ABUSE OR DEPENDENCE, LEFT AMA",330399,ST BARNABAS HOSPITAL,xxxxxx,BRONX,NY,10457,NY - Bronx,23,9323.5652173913,12012.1739130435,11067.1739130435,2.4
001 - ALCOHOL/DRUG ABUSE OR DEPENDENCE W/O REHABILITATION THERAPY W MCC,380061,PROVIDENCE PORTLAND MEDICAL CENTER,xxxxxx,PORTLAND,OR,97213,OR - Portland,12,20435.9166666667,11978.4166666667,8826.83333333333,2.4
001 - ALCOHOL/DRUG ABUSE OR DEPENDENCE W/O REHABILITATION THERAPY W MCC,220111,GOOD SAMARITAN MEDICAL CENTER,xxxxxx,BROCKTON,MA,2301,MA - Boston,22,14305.9545454545,11965.8181818182,11282.8636363636,2.8
001 - ALCOHOL/DRUG ABUSE OR DEPENDENCE W/O REHABILITATION THERAPY W MCC,50396,SANTA BARBARA COTTAGE HOSPITAL,xxxxxx,SANTA BARBARA,CA,93102,CA - Santa Barbara,18,29758,11951.1666666667,11048.5,3
001 - ALCOHOL/DRUG ABUSE OR DEPENDENCE W/O REHABILITATION THERAPY W MCC,360051,MIAMI VALLEY HOSPITAL,xxxxxx,DAYTON,OH,45409,OH - Dayton,12,49270.5833333333,11949.75,9792.08333333333,3.7
001 - ALCOHOL/DRUG ABUSE OR DEPENDENCE W/O REHABILITATION THERAPY W MCC,220100,SOUTH SHORE HOSPITAL,xxxxxx,SOUTH WEYMOUTH,MA,2190,MA - Boston,20,27167.9,11879.65,11095.7,4.4
"001 - ALCOHOL/DRUG ABUSE OR DEPENDENCE, LEFT AMA",310058,BERGEN REGIONAL MEDICAL CENTER,xxxxxx,PARAMUS,NJ,7652,NJ - Hackensack,27,8462.40740740741,11825.5185185185,10841.7037037037,3.4
001 - ALCOHOL/DRUG ABUSE OR DEPENDENCE W/O REHABILITATION THERAPY W MCC,220175,METROWEST MEDICAL CENTER,xxxxxx,FRAMINGHAM,MA,1701,MA - Boston,19,17303.8421052632,11738,11035.6842105263,4.9
001 - ALCOHOL/DRUG ABUSE OR DEPENDENCE W/O REHABILITATION THERAPY W MCC,330141,BROOKHAVEN MEMORIAL HOSPITAL MEDICAL CENTER,xxxxxx,PATCHOGUE,NY,11772,NY - East Long Island,11,53900.8181818182,11688.3636363636,9461.09090909091,2.2
001 - ALCOHOL/DRUG ABUSE OR DEPENDENCE W/O REHABILITATION THERAPY W MCC,360020,SUMMA HEALTH SYSTEMS HOSPITALS,xxxxxx,AKRON,OH,44309,OH - Akron,15,58747.6666666667,11648.1333333333,9876.66666666667,3.3
001 - ALCOHOL/DRUG ABUSE OR DEPENDENCE W REHABILITATION THERAPY,330203,CROUSE HOSPITAL,xxxxxx,SYRACUSE,NY,13210,NY - Syracuse,39,29151.0256410256,11598.1282051282,8345.12820512821,4.4
001 - ALCOHOL/DRUG ABUSE OR DEPENDENCE W/O REHABILITATION THERAPY W MCC,220062,ADCARE HOSPITAL OF WORCESTER INC,xxxxxx,WORCESTER,MA,1605,MA - Worcester,18,6433,11584.2777777778,10643.9444444444,2.7
001 - ALCOHOL/DRUG ABUSE OR DEPENDENCE W/O REHABILITATION THERAPY W MCC,260141,UNIVERSITY OF MISSOURI HEALTH CARE,xxxxxx,COLUMBIA,MO,65212,MO - Columbia,13,23447.1538461538,11543.3076923077,11078.0769230769,2.4
001 - ALCOHOL/DRUG ABUSE OR DEPENDENCE W/O REHABILITATION THERAPY W MCC,350011,SANFORD MEDICAL CENTER FARGO,xxxxxx,FARGO,ND,58122,ND - Fargo/Moorhead MN,12,46710,11499.4166666667,9715.16666666667,4
001 - ALCOHOL/DRUG ABUSE OR DEPENDENCE W/O REHABILITATION THERAPY W MCC,390115,ARIA HEALTH,xxxxxx,PHILADELPHIA,PA,19114,PA - Philadelphia,14,47892.4285714286,11456.7142857143,8540.21428571428,2.8
001 - ALCOHOL/DRUG ABUSE OR DEPENDENCE W/O REHABILITATION THERAPY W MCC,230070,"COVENANT MEDICAL CENTER, INC",xxxxxx,SAGINAW,MI,48602,MI - Saginaw,11,56677.6363636364,11455.7272727273,10204.4545454545,4.9
001 - ALCOHOL/DRUG ABUSE OR DEPENDENCE W REHABILITATION THERAPY,330261,PHELPS MEMORIAL HOSPITAL ASSN,xxxxxx,SLEEPY HOLLOW,NY,10591,NY - White Plains,125,45491.008,11358.408,9830.28,2.7
001 - ALCOHOL/DRUG ABUSE OR DEPENDENCE W/O REHABILITATION THERAPY W MCC,50030,OROVILLE HOSPITAL,xxxxxx,OROVILLE,CA,95966,CA - Chico,14,43066.2142857143,11355.3571428571,10749.6428571429,3.6
001 - ALCOHOL/DRUG ABUSE OR DEPENDENCE W/O REHABILITATION THERAPY W MCC,410009,KENT COUNTY MEMORIAL HOSPITAL,xxxxxx,WARWICK,RI,2886,RI - Providence,21,30363.4285714286,11229.3333333333,10068.5238095238,4
001 - ALCOHOL/DRUG ABUSE OR DEPENDENCE W/O REHABILITATION THERAPY W MCC,340050,SOUTHEASTERN REGIONAL MEDICAL CENTER,xxxxxx,LUMBERTON,NC,28359,NC - Durham,11,26298.3636363636,11202.3636363636,10375.0909090909,2
001 - ALCOHOL/DRUG ABUSE OR DEPENDENCE W REHABILITATION THERAPY,140206,NORWEGIAN-AMERICAN HOSPITAL,xxxxxx,CHICAGO,IL,60622,IL - Chicago,99,6316.34343434343,11196.7474747475,10697.5757575758,3.8
"001 - ALCOHOL/DRUG ABUSE OR DEPENDENCE, LEFT AMA",330397,INTERFAITH MEDICAL CENTER,xxxxxx,BROOKLYN,NY,11213,NY - Manhattan,14,14555.8571428571,11177.0714285714,9411.71428571428,4
001 - ALCOHOL/DRUG ABUSE OR DEPENDENCE W/O REHABILITATION THERAPY W MCC,220074,"SOUTHCOAST HOSPITAL GROUP, INC",xxxxxx,FALL RIVER,MA,2720,MA - Boston,30,19289.2666666667,11166.2666666667,10561.4666666667,4.8
001 - ALCOHOL/DRUG ABUSE OR DEPENDENCE W REHABILITATION THERAPY,230207,MCLAREN OAKLAND,xxxxxx,PONTIAC,MI,48342,MI - Pontiac,240,10590.2666666667,11160.9375,8846.34166666667,4.8
001 - ALCOHOL/DRUG ABUSE OR DEPENDENCE W/O REHABILITATION THERAPY W MCC,50026,GROSSMONT HOSPITAL,xxxxxx,LA MESA,CA,91942,CA - San Diego,18,60287.6666666667,11129,10661.4444444444,3.4
001 - ALCOHOL/DRUG ABUSE OR DEPENDENCE W REHABILITATION THERAPY,330088,EASTERN LONG ISLAND HOSPITAL,xxxxxx,GREENPORT,NY,11944,NY - East Long Island,22,57523.6818181818,11103.4090909091,10338.3181818182,4.6
001 - ALCOHOL/DRUG ABUSE OR DEPENDENCE W/O REHABILITATION THERAPY W MCC,340014,NOVANT HEALTH FORSYTH MEDICAL CENTER,xxxxxx,WINSTON-SALEM,NC,27103,NC - Winston-Salem,15,29936.8,11049.3333333333,8279.4,2.2
001 - ALCOHOL/DRUG ABUSE OR DEPENDENCE W/O REHABILITATION THERAPY W MCC,110036,"MEMORIAL HEALTH UNIV MED CEN, INC",xxxxxx,SAVANNAH,GA,31403,GA - Savannah,13,36229.6153846154,11044.6923076923,9829.46153846154,3.4
001 - ALCOHOL/DRUG ABUSE OR DEPENDENCE W/O REHABILITATION THERAPY W MCC,220033,BEVERLY HOSPITAL CORPORATION,xxxxxx,BEVERLY,MA,1915,MA - Boston,15,15750.4,10947.6,10149.7333333333,4.9
001 - ALCOHOL/DRUG ABUSE OR DEPENDENCE W/O REHABILITATION THERAPY W MCC,340069,"WAKEMED, RALEIGH CAMPUS",xxxxxx,RALEIGH,NC,27610,NC - Raleigh,11,48232.5454545454,10938.8181818182,9360.63636363636,4.3
001 - ALCOHOL/DRUG ABUSE OR DEPENDENCE W/O REHABILITATION THERAPY W MCC,50039,ENLOE MEDICAL CENTER,xxxxxx,CHICO,CA,95926,CA - Chico,15,52242.7333333333,10915.5333333333,10066.4666666667,4.7
001 - ALCOHOL/DRUG ABUSE OR DEPENDENCE W REHABILITATION THERAPY,360085,OHIO STATE UNIVERSITY HOSPITALS,xxxxxx,COLUMBUS,OH,43210,OH - Columbus,69,12390.4347826087,10899.9275362319,8877.5652173913,3.8
001 - ALCOHOL/DRUG ABUSE OR DEPENDENCE W/O REHABILITATION THERAPY W MCC,230019,PROVIDENCE HOSPITAL AND MEDICAL CENTERS,xxxxxx,SOUTHFIELD,MI,48075,MI - Royal Oak,11,29894.0909090909,10835.1818181818,9705.09090909091,3
001 - ALCOHOL/DRUG ABUSE OR DEPENDENCE W/O REHABILITATION THERAPY W MCC,100246,LAWNWOOD REGIONAL MEDICAL CENTER & HEART INSTITUTE,xxxxxx,FORT PIERCE,FL,34950,FL - Orlando,14,120129.357142857,10795.1428571429,9928.85714285714,2.6
001 - ALCOHOL/DRUG ABUSE OR DEPENDENCE W REHABILITATION THERAPY,50704,MISSION COMMUNITY HOSPITAL,xxxxxx,PANORAMA CITY,CA,91402,CA - Los Angeles,100,24194.33,10794.74,10114.26,3.3
001 - ALCOHOL/DRUG ABUSE OR DEPENDENCE W REHABILITATION THERAPY,390272,VALLEY FORGE MEDICAL CENTER AND HOSPITAL,xxxxxx,NORRISTOWN,PA,19401,PA - Philadelphia,140,10775.7,10744.4142857143,10062.5857142857,4.2
001 - ALCOHOL/DRUG ABUSE OR DEPENDENCE W/O REHABILITATION THERAPY W MCC,210029,JOHNS HOPKINS BAYVIEW MEDICAL CENTER,xxxxxx,BALTIMORE,MD,21224,MD - Baltimore,26,11635.2692307692,10734.3076923077,9941.69230769231,4.7
001 - ALCOHOL/DRUG ABUSE OR DEPENDENCE W/O REHABILITATION THERAPY W MCC,70018,GREENWICH HOSPITAL ASSOCIATION,xxxxxx,GREENWICH,CT,6830,CT - Bridgeport,12,33956.25,10696.25,9507.66666666667,4.4
001 - ALCOHOL/DRUG ABUSE OR DEPENDENCE W/O REHABILITATION THERAPY W MCC,140010,EVANSTON HOSPITAL,xxxxxx,EVANSTON,IL,60201,IL - Evanston,12,40255.8333333333,10669.5,9391.33333333333,3.6
001 - ALCOHOL/DRUG ABUSE OR DEPENDENCE W/O REHABILITATION THERAPY W MCC,220060,BETH ISRAEL DEACONESS HOSPITAL - PLYMOUTH,xxxxxx,PLYMOUTH,MA,2360,MA - Boston,14,17629.7142857143,10662.7142857143,10054.7142857143,2.9
001 - ALCOHOL/DRUG ABUSE OR DEPENDENCE W REHABILITATION THERAPY,370037,ST ANTHONY HOSPITAL,xxxxxx,OKLAHOMA CITY,OK,73101,OK - Oklahoma City,28,13356.2142857143,10643.3571428571,9421.60714285714,2.9
001 - ALCOHOL/DRUG ABUSE OR DEPENDENCE W REHABILITATION THERAPY,330246,ST CHARLES HOSPITAL,xxxxxx,PORT JEFFERSON,NY,11777,NY - East Long Island,88,101661.75,10642.9431818182,9199.03409090909,3.7
001 - ALCOHOL/DRUG ABUSE OR DEPENDENCE W/O REHABILITATION THERAPY W MCC,220135,FALMOUTH HOSPITAL,xxxxxx,FALMOUTH,MA,2540,MA - Boston,19,14954.3684210526,10571.0526315789,9931.05263157895,3.8
001 - ALCOHOL/DRUG ABUSE OR DEPENDENCE W/O REHABILITATION THERAPY W MCC,330125,ROCHESTER GENERAL HOSPITAL,xxxxxx,ROCHESTER,NY,14621,NY - Rochester,15,25693.2,10554.5333333333,9353.93333333333,3
001 - ALCOHOL/DRUG ABUSE OR DEPENDENCE W REHABILITATION THERAPY,220046,BERKSHIRE MEDICAL CENTER INC,xxxxxx,PITTSFIELD,MA,1201,NY - Albany,118,5784.8220338983,10540.5338983051,9915.99152542373,4.7
001 - ALCOHOL/DRUG ABUSE OR DEPENDENCE W/O REHABILITATION THERAPY W MCC,290001,RENOWN REGIONAL MEDICAL CENTER,xxxxxx,RENO,NV,89502,NV - Reno,19,35865.947368421,10412.2105263158,9331.84210526316,4.5
001 - ALCOHOL/DRUG ABUSE OR DEPENDENCE W/O REHABILITATION THERAPY W MCC,170123,WESLEY MEDICAL CENTER,xxxxxx,WICHITA,KS,67214,KS - Wichita,11,51092,10406.4545454545,9746.09090909091,3.5
001 - ALCOHOL/DRUG ABUSE OR DEPENDENCE W/O REHABILITATION THERAPY W MCC,100018,NAPLES COMMUNITY HOSPITAL,xxxxxx,NAPLES,FL,34102,FL - Fort Myers,22,66681.3636363636,10391.5,9434.36363636364,2.8
001 - ALCOHOL/DRUG ABUSE OR DEPENDENCE W/O REHABILITATION THERAPY W MCC,290009,SAINT MARY'S REGIONAL MEDICAL CENTER,xxxxxx,RENO,NV,89503,NV - Reno,15,45845.4,10326.7333333333,9680.4,2.6
001 - ALCOHOL/DRUG ABUSE OR DEPENDENCE W/O REHABILITATION THERAPY W MCC,110035,WELLSTAR KENNESTONE HOSPITAL,xxxxxx,MARIETTA,GA,30060,GA - Atlanta,12,54730,10320.25,9666.08333333333,3.1
001 - ALCOHOL/DRUG ABUSE OR DEPENDENCE W/O REHABILITATION THERAPY W MCC,100012,LEE MEMORIAL HOSPITAL,xxxxxx,FORT MYERS,FL,33901,FL - Fort Myers,19,50281.2105263158,10292.6842105263,7413.21052631579,4.2
001 - ALCOHOL/DRUG ABUSE OR DEPENDENCE W REHABILITATION THERAPY,140083,LORETTO HOSPITAL,xxxxxx,CHICAGO,IL,60644,IL - Chicago,159,9768.84905660377,10281.0125786164,9425.27672955975,3.3
001 - ALCOHOL/DRUG ABUSE OR DEPENDENCE W/O REHABILITATION THERAPY W MCC,340141,NEW HANOVER REGIONAL MEDICAL CENTER,xxxxxx,WILMINGTON,NC,28402,NC - Wilmington,14,21947.2857142857,10278.0714285714,8705.5,2.3
001 - ALCOHOL/DRUG ABUSE OR DEPENDENCE W/O REHABILITATION THERAPY W MCC,310051,OVERLOOK MEDICAL CENTER,xxxxxx,SUMMIT,NJ,7902,NJ - Morristown,15,52369.7333333333,10250.8,9073.73333333333,2.3
001 - ALCOHOL/DRUG ABUSE OR DEPENDENCE W REHABILITATION THERAPY,330067,ST FRANCIS HOSPITAL,xxxxxx,POUGHKEEPSIE,NY,12601,NY - Albany,44,44911.5909090909,10136.8409090909,9187.02272727273,3.4
001 - ALCOHOL/DRUG ABUSE OR DEPENDENCE W REHABILITATION THERAPY,360245,GLENBEIGH,xxxxxx,ROCK CREEK,OH,44084,OH - Cleveland,237,15378.5232067511,10078.1392405063,9085.70886075949,4.2
001 - ALCOHOL/DRUG ABUSE OR DEPENDENCE W/O REHABILITATION THERAPY W MCC,370091,"SAINT FRANCIS HOSPITAL, INC",xxxxxx,TULSA,OK,74136,OK - Tulsa,17,26424.4705882353,10049.5294117647,7415.52941176471,4.2
001 - ALCOHOL/DRUG ABUSE OR DEPENDENCE W/O REHABILITATION THERAPY W MCC,60001,NORTH COLORADO MEDICAL CENTER,xxxxxx,GREELEY,CO,80631,CO - Greeley,12,26397.0833333333,10044.8333333333,9343.5,4.5
001 - ALCOHOL/DRUG ABUSE OR DEPENDENCE W/O REHABILITATION THERAPY W MCC,60009,LUTHERAN MEDICAL CENTER,xxxxxx,WHEAT RIDGE,CO,80033,CO - Denver,14,57767.0714285714,9983,8050,3.9
001 - ALCOHOL/DRUG ABUSE OR DEPENDENCE W/O REHABILITATION THERAPY W MCC,490021,"CENTRA  HEALTH, INC",xxxxxx,LYNCHBURG,VA,24501,VA - Lynchburg,15,25546.4666666667,9970.53333333333,7627.26666666667,4.4
001 - ALCOHOL/DRUG ABUSE OR DEPENDENCE W REHABILITATION THERAPY,220062,ADCARE HOSPITAL OF WORCESTER INC,xxxxxx,WORCESTER,MA,1605,MA - Worcester,961,12788.7169614984,9962.59521331946,9166.63371488033,4.4
001 - ALCOHOL/DRUG ABUSE OR DEPENDENCE W/O REHABILITATION THERAPY W MCC,260040,COX MEDICAL CENTER,xxxxxx,SPRINGFIELD,MO,65807,MO - Springfield,21,36064.619047619,9940.28571428571,8961.95238095238,3.1
001 - ALCOHOL/DRUG ABUSE OR DEPENDENCE W/O REHABILITATION THERAPY W MCC,230146,HENRY FORD WYANDOTTE HOSPITAL,xxxxxx,WYANDOTTE,MI,48192,MI - Dearborn,11,17239.9090909091,9907.81818181818,8835.45454545454,4.8
001 - ALCOHOL/DRUG ABUSE OR DEPENDENCE W/O REHABILITATION THERAPY W MCC,370114,"ST JOHN MEDICAL CENTER, INC",xxxxxx,TULSA,OK,74104,OK - Tulsa,14,32432.2857142857,9870.14285714286,8584,2.8
001 - ALCOHOL/DRUG ABUSE OR DEPENDENCE W REHABILITATION THERAPY,240063,ST JOSEPH'S HOSPITAL,xxxxxx,SAINT PAUL,MN,55102,MN - St. Paul,74,38533.9189189189,9864.60810810811,7948.55405405405,4.6
001 - ALCOHOL/DRUG ABUSE OR DEPENDENCE W/O REHABILITATION THERAPY W MCC,340002,MEMORIAL MISSION HOSPITAL AND ASHEVILLE SURGERY CE,xxxxxx,ASHEVILLE,NC,28801,NC - Asheville,15,25307.9333333333,9845.33333333333,8838.86666666667,2.4
001 - ALCOHOL/DRUG ABUSE OR DEPENDENCE W/O REHABILITATION THERAPY W MCC,230227,MCLAREN MACOMB,xxxxxx,MOUNT CLEMENS,MI,48043,MI - Detroit,22,11756.1818181818,9799.59090909091,8701.22727272727,3.9
001 - ALCOHOL/DRUG ABUSE OR DEPENDENCE W/O REHABILITATION THERAPY W MCC,240053,PARK NICOLLET METHODIST HOSPITAL,xxxxxx,SAINT LOUIS PAR,MN,55426,MN - Minneapolis,13,20517.3846153846,9789.84615384615,9108.92307692308,2.4
001 - ALCOHOL/DRUG ABUSE OR DEPENDENCE W/O REHABILITATION THERAPY W MCC,180088,NORTON HOSPITAL/NORTON MEDICAL PAVILIONS/KOSAIR CH,xxxxxx,LOUISVILLE,KY,40202,KY - Louisville,14,34735.7857142857,9753.78571428571,8673.85714285714,4.8
001 - ALCOHOL/DRUG ABUSE OR DEPENDENCE W/O REHABILITATION THERAPY W MCC,360006,RIVERSIDE METHODIST HOSPITAL,xxxxxx,COLUMBUS,OH,43214,OH - Columbus,12,31029.4166666667,9738.08333333333,8862.75,2.7
001 - ALCOHOL/DRUG ABUSE OR DEPENDENCE W/O REHABILITATION THERAPY W MCC,110087,GWINNETT MEDICAL CENTER,xxxxxx,LAWRENCEVILLE,GA,30045,GA - Atlanta,13,21329.0769230769,9734.84615384615,9181,4.6
001 - ALCOHOL/DRUG ABUSE OR DEPENDENCE W REHABILITATION THERAPY,330158,GOOD SAMARITAN HOSPITAL OF SUFFERN,xxxxxx,SUFFERN,NY,10901,NJ - Ridgewood,17,51722.2352941176,9660.58823529412,8567.58823529412,2.5
001 - ALCOHOL/DRUG ABUSE OR DEPENDENCE W/O REHABILITATION THERAPY W MCC,450184,MEMORIAL HERMANN HOSPITAL SYSTEM,xxxxxx,HOUSTON,TX,77008,TX - Houston,11,31447.6363636364,9605.09090909091,8904.18181818182,3.1
001 - ALCOHOL/DRUG ABUSE OR DEPENDENCE W/O REHABILITATION THERAPY W MCC,250004,NORTH MISSISSIPPI MEDICAL CENTER,xxxxxx,TUPELO,MS,38801,MS - Tupelo,14,26396.7857142857,9595,8547.85714285714,3.9
001 - ALCOHOL/DRUG ABUSE OR DEPENDENCE W/O REHABILITATION THERAPY W MCC,230002,ST MARY MERCY HOSPITAL,xxxxxx,LIVONIA,MI,48154,MI - Ann Arbor,14,16387.4285714286,9551.78571428571,9053.92857142857,4.6
001 - ALCOHOL/DRUG ABUSE OR DEPENDENCE W REHABILITATION THERAPY,50438,HUNTINGTON MEMORIAL HOSPITAL,xxxxxx,PASADENA,CA,91109,CA - Los Angeles,25,52325.44,9521.2,8420.16,4.9
001 - ALCOHOL/DRUG ABUSE OR DEPENDENCE W/O REHABILITATION THERAPY W MCC,100135,TALLAHASSEE MEMORIAL HOSPITAL,xxxxxx,TALLAHASSEE,FL,32308,FL - Tallahassee,13,26831.3846153846,9499.30769230769,8448.23076923077,2.1
001 - ALCOHOL/DRUG ABUSE OR DEPENDENCE W/O REHABILITATION THERAPY W MCC,140288,ADVOCATE GOOD SAMARITAN HOSPITAL,xxxxxx,DOWNERS GROVE,IL,60515,IL - Hinsdale,14,43643.7857142857,9497.28571428571,7428.5,3.2
001 - ALCOHOL/DRUG ABUSE OR DEPENDENCE W/O REHABILITATION THERAPY W MCC,170122,"VIA CHRISTI HOSPITALS WICHITA, INC",xxxxxx,WICHITA,KS,67214,KS - Wichita,18,43994.3333333333,9482.61111111111,8743.05555555555,2.4
001 - ALCOHOL/DRUG ABUSE OR DEPENDENCE W REHABILITATION THERAPY,50567,MISSION HOSPITAL REGIONAL MED CENTER,xxxxxx,MISSION VIEJO,CA,92691,CA - Orange County,13,30503.0769230769,9472.84615384615,6999.69230769231,3.9
001 - ALCOHOL/DRUG ABUSE OR DEPENDENCE W REHABILITATION THERAPY,330104,NYACK HOSPITAL,xxxxxx,NYACK,NY,10960,NJ - Hackensack,48,73470.5625,9431.3125,8587.3125,4.6
001 - ALCOHOL/DRUG ABUSE OR DEPENDENCE W REHABILITATION THERAPY,390278,EAGLEVILLE HOSPITAL,xxxxxx,EAGLEVILLE,PA,19408,PA - Philadelphia,246,8573.81707317073,9387.06504065041,8552.76016260163,3.5
001 - ALCOHOL/DRUG ABUSE OR DEPENDENCE W/O REHABILITATION THERAPY W MCC,390070,LOWER BUCKS HOSPITAL,xxxxxx,BRISTOL,PA,19007,PA - Philadelphia,13,32057.6923076923,9347.07692307692,8444.30769230769,2.9
001 - ALCOHOL/DRUG ABUSE OR DEPENDENCE W REHABILITATION THERAPY,330151,ST JAMES MERCY HOSPITAL,xxxxxx,HORNELL,NY,14843,NY - Rochester,22,24893.4545454545,9326.77272727273,8574.5,4.2
001 - ALCOHOL/DRUG ABUSE OR DEPENDENCE W REHABILITATION THERAPY,230230,EDWARD W SPARROW HOSPITAL,xxxxxx,LANSING,MI,48912,MI - Lansing,49,13526.5306122449,9290.55102040816,8050.24489795918,4.1
001 - ALCOHOL/DRUG ABUSE OR DEPENDENCE W REHABILITATION THERAPY,330394,"UNITED HEALTH SERVICES HOSPITALS, INC",xxxxxx,JOHNSON CITY,NY,13790,NY - Binghamton,17,25276.2352941176,9234.05882352941,7288.94117647059,3.8
001 - ALCOHOL/DRUG ABUSE OR DEPENDENCE W/O REHABILITATION THERAPY W MCC,340091,"MOSES H CONE MEMORIAL HOSPITAL, THE",xxxxxx,GREENSBORO,NC,27401,NC - Greensboro,19,18959.8947368421,9201.10526315789,7902.73684210526,2.4
001 - ALCOHOL/DRUG ABUSE OR DEPENDENCE W/O REHABILITATION THERAPY W MCC,110074,ATHENS REGIONAL MEDICAL CENTER,xxxxxx,ATHENS,GA,30606,GA - Atlanta,12,36781.5,9161.25,8539.33333333333,2.8
001 - ALCOHOL/DRUG ABUSE OR DEPENDENCE W/O REHABILITATION THERAPY W MCC,200008,MERCY HOSPITAL,xxxxxx,PORTLAND,ME,4101,ME - Portland,11,17405.7272727273,9141.09090909091,8370.18181818182,4.3
001 - ALCOHOL/DRUG ABUSE OR DEPENDENCE W REHABILITATION THERAPY,50078,PROVIDENCE LITTLE CO OF MARY MED CTR SAN PEDRO,xxxxxx,SAN PEDRO,CA,90732,CA - Los Angeles,99,26366.696969697,9134.14141414141,8866.47474747475,4.2
001 - ALCOHOL/DRUG ABUSE OR DEPENDENCE W REHABILITATION THERAPY,330135,BON SECOURS COMMUNITY HOSPITAL,xxxxxx,PORT JERVIS,NY,12771,NJ - Morristown,44,29032.5909090909,9119.06818181818,8103.65909090909,3.1
001 - ALCOHOL/DRUG ABUSE OR DEPENDENCE W REHABILITATION THERAPY,50390,HEMET VALLEY MEDICAL CENTER,xxxxxx,HEMET,CA,92543,CA - San Bernardino,161,19527.2049689441,9047.06832298137,8053.87577639752,3.5
001 - ALCOHOL/DRUG ABUSE OR DEPENDENCE W REHABILITATION THERAPY,330224,HEALTH ALLIANCE HOSPITAL MARY'S AVENUE CAMPUS,xxxxxx,KINGSTON,NY,12401,NY - Albany,29,46571.2068965517,8972.31034482759,7941.44827586207,4.8
001 - ALCOHOL/DRUG ABUSE OR DEPENDENCE W REHABILITATION THERAPY,230054,MARQUETTE GENERAL HOSPITAL,xxxxxx,MARQUETTE,MI,49855,MI - Marquette,42,20655.5714285714,8960.66666666667,7778.85714285714,4.1
001 - ALCOHOL/DRUG ABUSE OR DEPENDENCE W REHABILITATION THERAPY,500024,PROVIDENCE ST PETER HOSPITAL,xxxxxx,OLYMPIA,WA,98506,WA - Olympia,63,22357.3650793651,8928.71428571428,7042.77777777778,2.9
"001 - ALCOHOL/DRUG ABUSE OR DEPENDENCE, LEFT AMA",330027,NASSAU UNIVERSITY MEDICAL CENTER,xxxxxx,EAST MEADOW,NY,11554,NY - East Long Island,21,13030.0476190476,8908.95238095238,7732.90476190476,2.3
001 - ALCOHOL/DRUG ABUSE OR DEPENDENCE W/O REHABILITATION THERAPY W MCC,10039,HUNTSVILLE HOSPITAL,xxxxxx,HUNTSVILLE,AL,35801,AL - Huntsville,11,38870.3636363636,8870.45454545454,8323.54545454545,2.5
001 - ALCOHOL/DRUG ABUSE OR DEPENDENCE W REHABILITATION THERAPY,330226,UNITY HOSPITAL OF ROCHESTER,xxxxxx,ROCHESTER,NY,14626,NY - Rochester,82,16359.4512195122,8797.24390243902,7594.93902439024,4.1
001 - ALCOHOL/DRUG ABUSE OR DEPENDENCE W REHABILITATION THERAPY,330265,CLIFTON SPRINGS HOSPITAL AND CLINIC,xxxxxx,CLIFTON SPRINGS,NY,14432,NY - Rochester,60,11818.2666666667,8776.86666666667,8114.48333333333,4.8
001 - ALCOHOL/DRUG ABUSE OR DEPENDENCE W/O REHABILITATION THERAPY W MCC,230269,"BEAUMONT HOSPITAL, TROY",xxxxxx,TROY,MI,48085,MI - Royal Oak,13,33980.5384615385,8761.53846153846,7416.53846153846,4.6
001 - ALCOHOL/DRUG ABUSE OR DEPENDENCE W REHABILITATION THERAPY,50745,CHAPMAN MEDICAL CENTER,xxxxxx,ORANGE,CA,92869,CA - Orange County,31,20669.2903225806,8744.90322580645,7909.09677419355,3.8
001 - ALCOHOL/DRUG ABUSE OR DEPENDENCE W REHABILITATION THERAPY,240020,CAMBRIDGE MEDICAL CENTER,xxxxxx,CAMBRIDGE,MN,55008,MN - Minneapolis,19,54163.8421052632,8687.05263157895,7621.78947368421,2.4
001 - ALCOHOL/DRUG ABUSE OR DEPENDENCE W REHABILITATION THERAPY,390118,BRADFORD REGIONAL MEDICAL CENTER,xxxxxx,BRADFORD,PA,16701,PA - Erie,40,22424.625,8626,7321.2,2.6
001 - ALCOHOL/DRUG ABUSE OR DEPENDENCE W REHABILITATION THERAPY,150047,ST JOSEPH HOSPITAL,xxxxxx,FORT WAYNE,IN,46802,IN - Fort Wayne,11,17063.9090909091,8619.27272727273,7541.54545454545,3.7
001 - ALCOHOL/DRUG ABUSE OR DEPENDENCE W/O REHABILITATION THERAPY W MCC,100087,SARASOTA MEMORIAL HOSPITAL,xxxxxx,SARASOTA,FL,34239,FL - Sarasota,17,30867.4117647059,8599.58823529412,7988.76470588235,2.6
001 - ALCOHOL/DRUG ABUSE OR DEPENDENCE W REHABILITATION THERAPY,140181,SOUTH SHORE HOSPITAL,xxxxxx,CHICAGO,IL,60617,IL - Chicago,274,15800.4744525547,8577.49270072993,7988.44160583942,2.9
001 - ALCOHOL/DRUG ABUSE OR DEPENDENCE W REHABILITATION THERAPY,520017,ST JOSEPHS HOSPITAL,xxxxxx,CHIPPEWA FALLS,WI,54729,WI - Marshfield,30,10750.7666666667,8498.33333333333,7894.6,3.1
001 - ALCOHOL/DRUG ABUSE OR DEPENDENCE W REHABILITATION THERAPY,500011,HIGHLINE MEDICAL CENTER,xxxxxx,BURIEN,WA,98166,WA - Seattle,39,14458.0769230769,8474.89743589744,7675.71794871795,3.3
001 - ALCOHOL/DRUG ABUSE OR DEPENDENCE W REHABILITATION THERAPY,200034,ST MARYS REGIONAL MEDICAL CENTER,xxxxxx,LEWISTON,ME,4240,ME - Portland,35,12146.4571428571,8435.28571428571,7125.65714285714,3.1
001 - ALCOHOL/DRUG ABUSE OR DEPENDENCE W/O REHABILITATION THERAPY W MCC,230216,PORT HURON HOSPITAL,xxxxxx,PORT HURON,MI,48060,MI - Detroit,11,13751.1818181818,8393,7834.81818181818,4.4
001 - ALCOHOL/DRUG ABUSE OR DEPENDENCE W REHABILITATION THERAPY,330073,UNITED MEMORIAL MEDICAL CENTER,xxxxxx,BATAVIA,NY,14020,NY - Buffalo,24,29402.6666666667,8383.20833333333,7104.20833333333,4.2
001 - ALCOHOL/DRUG ABUSE OR DEPENDENCE W REHABILITATION THERAPY,140191,INGALLS MEMORIAL HOSPITAL,xxxxxx,HARVEY,IL,60426,IL - Blue Island,31,47550.1612903226,8352.90322580645,7695.64516129032,3.7
001 - ALCOHOL/DRUG ABUSE OR DEPENDENCE W/O REHABILITATION THERAPY W MCC,150082,DEACONESS HOSPITAL INC,xxxxxx,EVANSVILLE,IN,47747,IN - Evansville,16,27776.1875,8328.0625,7834.1875,2.5
001 - ALCOHOL/DRUG ABUSE OR DEPENDENCE W REHABILITATION THERAPY,390113,MEADVILLE MEDICAL CENTER,xxxxxx,MEADVILLE,PA,16335,PA - Erie,45,21765.1333333333,8287.26666666667,6456.31111111111,3.2
001 - ALCOHOL/DRUG ABUSE OR DEPENDENCE W REHABILITATION THERAPY,330057,ST PETER'S HOSPITAL,xxxxxx,ALBANY,NY,12208,NY - Albany,47,17387.6382978723,8286.53191489362,6742.1914893617,4.1
"001 - ALCOHOL/DRUG ABUSE OR DEPENDENCE, LEFT AMA",330059,MONTEFIORE MEDICAL CENTER,xxxxxx,BRONX,NY,10467,NY - Bronx,11,20210.7272727273,8172.18181818182,7156.90909090909,3.1
001 - ALCOHOL/DRUG ABUSE OR DEPENDENCE W/O REHABILITATION THERAPY W MCC,420085,GRAND STRAND REGIONAL MEDICAL CENTER,xxxxxx,MYRTLE BEACH,SC,29572,SC - Charleston,13,43212.0769230769,8171.61538461538,7610.38461538462,2.9
001 - ALCOHOL/DRUG ABUSE OR DEPENDENCE W REHABILITATION THERAPY,330197,CANTON-POTSDAM HOSPITAL,xxxxxx,POTSDAM,NY,13676,VT - Burlington,16,28605.1875,8089.75,7485.25,2.1
001 - ALCOHOL/DRUG ABUSE OR DEPENDENCE W REHABILITATION THERAPY,330188,MOUNT ST MARY'S HOSPITAL AND  HEALTH CENTER,xxxxxx,LEWISTON,NY,14092,NY - Buffalo,37,17681.5135135135,8053.08108108108,7270.37837837838,2.6
001 - ALCOHOL/DRUG ABUSE OR DEPENDENCE W REHABILITATION THERAPY,10110,BULLOCK COUNTY HOSPITAL,xxxxxx,UNION SPRINGS,AL,36089,AL - Montgomery,124,12506.8064516129,8045.02419354839,7158.25,3.7
001 - ALCOHOL/DRUG ABUSE OR DEPENDENCE W REHABILITATION THERAPY,250128,TRI LAKES MEDICAL CENTER,xxxxxx,BATESVILLE,MS,38606,MS - Oxford,99,8541.22222222222,8016.15151515152,6967.32323232323,4.5
001 - ALCOHOL/DRUG ABUSE OR DEPENDENCE W REHABILITATION THERAPY,140127,ADVOCATE BROMENN MEDICAL CENTER,xxxxxx,NORMAL,IL,61761,IL - Bloomington,44,35887.75,8013.40909090909,6573.88636363636,2.4
001 - ALCOHOL/DRUG ABUSE OR DEPENDENCE W REHABILITATION THERAPY,130049,KOOTENAI HEALTH,xxxxxx,COEUR D'ALENE,ID,83814,WA - Spokane,27,25868.1481481481,7969.03703703704,7388.2962962963,2.9
001 - ALCOHOL/DRUG ABUSE OR DEPENDENCE W REHABILITATION THERAPY,10022,CHEROKEE MEDICAL CENTER,xxxxxx,CENTRE,AL,35960,GA - Rome,147,13182.5986394558,7958.80952380952,7249.25850340136,4.4
001 - ALCOHOL/DRUG ABUSE OR DEPENDENCE W REHABILITATION THERAPY,160067,COVENANT MEDICAL CENTER,xxxxxx,WATERLOO,IA,50702,IA - Waterloo,37,11578.2702702703,7950.86486486486,7046.21621621622,4
001 - ALCOHOL/DRUG ABUSE OR DEPENDENCE W REHABILITATION THERAPY,500031,GRAYS HARBOR COMMUNITY HOSPITAL,xxxxxx,ABERDEEN,WA,98520,WA - Seattle,39,14755.5384615385,7928.30769230769,6905.12820512821,4.1
001 - ALCOHOL/DRUG ABUSE OR DEPENDENCE W REHABILITATION THERAPY,230092,ALLEGIANCE HEALTH,xxxxxx,JACKSON,MI,49201,MI - Ann Arbor,77,8469.72727272727,7921.32467532467,6903.14285714286,2.3
001 - ALCOHOL/DRUG ABUSE OR DEPENDENCE W REHABILITATION THERAPY,240075,ESSENTIA HEALTH ST JOSEPH'S MEDICAL CENTER,xxxxxx,BRAINERD,MN,56401,MN - Minneapolis,17,24809.8823529412,7835.11764705882,7057.70588235294,2.5
001 - ALCOHOL/DRUG ABUSE OR DEPENDENCE W REHABILITATION THERAPY,330108,"ST JOSEPH'S HOSPITAL, INC",xxxxxx,ELMIRA,NY,14902,NY - Elmira,13,20529.2307692308,7769.76923076923,7031.30769230769,2
001 - ALCOHOL/DRUG ABUSE OR DEPENDENCE W REHABILITATION THERAPY,250031,RIVER REGION HEALTH SYSTEM,xxxxxx,VICKSBURG,MS,39183,MS - Jackson,102,42477.6470588235,7749.50980392157,7007.23529411765,3.8
001 - ALCOHOL/DRUG ABUSE OR DEPENDENCE W/O REHABILITATION THERAPY W MCC,100248,LARGO MEDICAL CENTER,xxxxxx,LARGO,FL,33770,FL - Clearwater,13,36844.6153846154,7680,6781.92307692308,3.3
001 - ALCOHOL/DRUG ABUSE OR DEPENDENCE W REHABILITATION THERAPY,60020,PARKVIEW MEDICAL CENTER INC,xxxxxx,PUEBLO,CO,81003,CO - Pueblo,137,37145.9854014599,7622.51824817518,6781.93430656934,2.1
"001 - ALCOHOL/DRUG ABUSE OR DEPENDENCE, LEFT AMA",330046,ST LUKE'S ROOSEVELT HOSPITAL,xxxxxx,NEW YORK,NY,10025,NY - Manhattan,14,26682,7591.35714285714,6319.35714285714,4
"001 - ALCOHOL/DRUG ABUSE OR DEPENDENCE, LEFT AMA",330219,ERIE COUNTY MEDICAL CENTER,xxxxxx,BUFFALO,NY,14215,NY - Buffalo,30,9656.6,7564.8,5573.63333333333,3.2
"001 - ALCOHOL/DRUG ABUSE OR DEPENDENCE, LEFT AMA",220031,BOSTON MEDICAL CENTER CORPORATION,xxxxxx,BOSTON,MA,2118,MA - Boston,12,12212.5833333333,7533.33333333333,6606.25,3.7
001 - ALCOHOL/DRUG ABUSE OR DEPENDENCE W REHABILITATION THERAPY,450083,EAST TEXAS MEDICAL CENTER,xxxxxx,TYLER,TX,75701,TX - Tyler,17,32713.2352941176,7484.58823529412,5949.29411764706,2.2
001 - ALCOHOL/DRUG ABUSE OR DEPENDENCE W REHABILITATION THERAPY,330232,ST MARY'S HOSPITAL ( TROY ),xxxxxx,TROY,NY,12180,NY - Albany,49,32904.4693877551,7483.22448979592,6415.67346938775,2.1
001 - ALCOHOL/DRUG ABUSE OR DEPENDENCE W REHABILITATION THERAPY,440006,TRISTAR SKYLINE MEDICAL CENTER,xxxxxx,NASHVILLE,TN,37207,TN - Nashville,47,30016.8936170213,7430.27659574468,6008.14893617021,2.8
"001 - ALCOHOL/DRUG ABUSE OR DEPENDENCE, LEFT AMA",330196,CONEY ISLAND HOSPITAL,xxxxxx,BROOKLYN,NY,11235,NY - Manhattan,13,6929.38461538462,7428.76923076923,6530.76923076923,2.1
001 - ALCOHOL/DRUG ABUSE OR DEPENDENCE W REHABILITATION THERAPY,100255,TAMPA COMMUNITY HOSPITAL,xxxxxx,TAMPA,FL,33615,FL - Tampa,41,53511.7804878049,7422.92682926829,6457.26829268293,2.9
"001 - ALCOHOL/DRUG ABUSE OR DEPENDENCE, LEFT AMA",330193,FLUSHING HOSPITAL MEDICAL CENTER,xxxxxx,FLUSHING,NY,11355,NY - East Long Island,33,7049.57575757576,7422.45454545455,6261.69696969697,4.2
001 - ALCOHOL/DRUG ABUSE OR DEPENDENCE W REHABILITATION THERAPY,330047,ST MARY'S HOSPITAL AT AMSTERDAM,xxxxxx,AMSTERDAM,NY,12010,NY - Albany,35,26197.4571428571,7416.08571428571,6765.11428571429,2.2
001 - ALCOHOL/DRUG ABUSE OR DEPENDENCE W REHABILITATION THERAPY,180080,BAPTIST HEALTH CORBIN,xxxxxx,CORBIN,KY,40701,KY - Lexington,54,9353.59259259259,7400.81481481481,6329.72222222222,4.7
001 - ALCOHOL/DRUG ABUSE OR DEPENDENCE W REHABILITATION THERAPY,40114,BAPTIST HEALTH MEDICAL CENTER-LITTLE ROCK,xxxxxx,LITTLE ROCK,AR,72205,AR - Little Rock,24,11204.4583333333,7368.58333333333,5537.75,4.1
001 - ALCOHOL/DRUG ABUSE OR DEPENDENCE W REHABILITATION THERAPY,180001,ST ELIZABETH FT THOMAS,xxxxxx,FORT THOMAS,KY,41075,KY - Covington,19,21090.2105263158,7363.68421052631,6187.84210526316,3.3
001 - ALCOHOL/DRUG ABUSE OR DEPENDENCE W REHABILITATION THERAPY,420091,CAROLINAS HOSPITAL SYSTEM,xxxxxx,FLORENCE,SC,29505,SC - Florence,40,43805.475,7334.725,5664.35,2.7
001 - ALCOHOL/DRUG ABUSE OR DEPENDENCE W REHABILITATION THERAPY,330239,WOMAN'S CHRISTIAN ASSOCIATION,xxxxxx,JAMESTOWN,NY,14701,PA - Erie,14,16919.2142857143,7291.78571428571,6862.07142857143,3.9
"001 - ALCOHOL/DRUG ABUSE OR DEPENDENCE, LEFT AMA",190006,UNIVERSITY HOSPITAL & CLINICS,xxxxxx,LAFAYETTE,LA,70506,LA - Lafayette,25,3641.56,7282.64,6228.24,3.2
001 - ALCOHOL/DRUG ABUSE OR DEPENDENCE W REHABILITATION THERAPY,250078,FORREST GENERAL HOSPITAL,xxxxxx,HATTIESBURG,MS,39404,MS - Hattiesburg,16,10695.625,7237.0625,6021.0625,2.4
001 - ALCOHOL/DRUG ABUSE OR DEPENDENCE W REHABILITATION THERAPY,340004,HIGH POINT REGIONAL HOSPITAL,xxxxxx,HIGH POINT,NC,27261,NC - Winston-Salem,13,7906.46153846154,7142.38461538462,5914.69230769231,3.6
"001 - ALCOHOL/DRUG ABUSE OR DEPENDENCE, LEFT AMA",330234,WESTCHESTER MEDICAL CENTER,xxxxxx,VALHALLA,NY,10595,NY - White Plains,17,29620.9411764706,7053.82352941176,6410.05882352941,2.8
001 - ALCOHOL/DRUG ABUSE OR DEPENDENCE W REHABILITATION THERAPY,10097,ELMORE COMMUNITY HOSPITAL,xxxxxx,WETUMPKA,AL,36092,AL - Montgomery,78,4130.10256410256,6994.82051282051,6355.64102564103,4.6
001 - ALCOHOL/DRUG ABUSE OR DEPENDENCE W REHABILITATION THERAPY,390168,BUTLER MEMORIAL HOSPITAL,xxxxxx,BUTLER,PA,16001,PA - Pittsburgh,83,16745.0361445783,6921.86746987952,5940.65060240964,4.8
001 - ALCOHOL/DRUG ABUSE OR DEPENDENCE W REHABILITATION THERAPY,10112,BRYAN W. WHITFIELD MEMORIAL HOSPITAL,xxxxxx,DEMOPOLIS,AL,36732,AL - Birmingham,250,8331.944,6816.944,6125.712,4.6
001 - ALCOHOL/DRUG ABUSE OR DEPENDENCE W REHABILITATION THERAPY,150179,FAIRBANKS,xxxxxx,INDIANAPOLIS,IN,46256,IN - Indianapolis,232,12744.224137931,6793.65517241379,5996.31034482759,4
001 - ALCOHOL/DRUG ABUSE OR DEPENDENCE W REHABILITATION THERAPY,10073,CLAY COUNTY HOSPITAL,xxxxxx,ASHLAND,AL,36251,AL - Birmingham,277,4569.76534296029,6710.4440433213,6118.96389891697,3.2
"001 - ALCOHOL/DRUG ABUSE OR DEPENDENCE, LEFT AMA",330169,BETH ISRAEL MEDICAL CENTER,xxxxxx,NEW YORK,NY,10003,NY - Manhattan,68,13575.3823529412,6416.54411764706,5400.75,3.8
"001 - ALCOHOL/DRUG ABUSE OR DEPENDENCE, LEFT AMA",370037,ST ANTHONY HOSPITAL,xxxxxx,OKLAHOMA CITY,OK,73101,OK - Oklahoma City,15,6946.73333333333,6392.73333333333,5497.2,2
"001 - ALCOHOL/DRUG ABUSE OR DEPENDENCE, LEFT AMA",390272,VALLEY FORGE MEDICAL CENTER AND HOSPITAL,xxxxxx,NORRISTOWN,PA,19401,PA - Philadelphia,35,6247.02857142857,6252.71428571429,5410.6,3.7
"001 - ALCOHOL/DRUG ABUSE OR DEPENDENCE, LEFT AMA",330208,ST JOHN'S RIVERSIDE HOSPITAL,xxxxxx,YONKERS,NY,10701,NY - White Plains,159,7440.4465408805,6213.66037735849,5295.99371069182,3
001 - ALCOHOL/DRUG ABUSE OR DEPENDENCE W REHABILITATION THERAPY,230279,BRIGHTON HOSPITAL,xxxxxx,BRIGHTON,MI,48116,MI - Ann Arbor,32,8617.1875,6200.59375,5408.59375,5
"001 - ALCOHOL/DRUG ABUSE OR DEPENDENCE, LEFT AMA",70022,YALE-NEW HAVEN HOSPITAL,xxxxxx,NEW HAVEN,CT,6504,CT - New Haven,14,22949,6114.5,5110.14285714286,3.2
"001 - ALCOHOL/DRUG ABUSE OR DEPENDENCE, LEFT AMA",50135,SOUTHERN CALIFORNIA HOSPITAL AT HOLLYWOOD,xxxxxx,HOLLYWOOD,CA,90028,CA - Los Angeles,44,10627.5454545455,6069.70454545455,5330.06818181818,3.6
001 - ALCOHOL/DRUG ABUSE OR DEPENDENCE W REHABILITATION THERAPY,110209,TURNING POINT HOSPITAL,xxxxxx,MOULTRIE,GA,31788,FL - Tallahassee,2123,4479.77390485163,6068.66227037211,5610.9769194536,4
001 - ALCOHOL/DRUG ABUSE OR DEPENDENCE W REHABILITATION THERAPY,140013,PROCTOR HOSPITAL,xxxxxx,PEORIA,IL,61614,IL - Peoria,52,33284.1346153846,6031.48076923077,5213.32692307692,3.9
"001 - ALCOHOL/DRUG ABUSE OR DEPENDENCE, LEFT AMA",220163,UMASS MEMORIAL MEDICAL CENTER INC,xxxxxx,WORCESTER,MA,1655,MA - Worcester,13,10140.0769230769,5935.23076923077,5141.84615384615,4.1
"001 - ALCOHOL/DRUG ABUSE OR DEPENDENCE, LEFT AMA",140180,PRESENCE SAINTS MARY AND ELIZABETH MEDICAL CENTER,xxxxxx,CHICAGO,IL,60622,IL - Chicago,17,6142,5898.29411764706,5307.64705882353,4.9
"001 - ALCOHOL/DRUG ABUSE OR DEPENDENCE, LEFT AMA",140103,ST BERNARD HOSPITAL,xxxxxx,CHICAGO,IL,60621,IL - Chicago,24,3550.58333333333,5813.125,5410.45833333333,2.3
"001 - ALCOHOL/DRUG ABUSE OR DEPENDENCE, LEFT AMA",390028,UPMC MERCY,xxxxxx,PITTSBURGH,PA,15219,PA - Pittsburgh,35,9824.28571428571,5797.65714285714,3477.62857142857,2.8
"001 - ALCOHOL/DRUG ABUSE OR DEPENDENCE, LEFT AMA",220011,CAMBRIDGE HEALTH ALLIANCE,xxxxxx,CAMBRIDGE,MA,2138,MA - Boston,19,7785.47368421053,5794,5219.94736842105,3.4
"001 - ALCOHOL/DRUG ABUSE OR DEPENDENCE, LEFT AMA",340113,CAROLINAS MEDICAL CENTER/BEHAV HEALTH,xxxxxx,CHARLOTTE,NC,28203,NC - Charlotte,12,8031.33333333333,5748.91666666667,3717,4.1
"001 - ALCOHOL/DRUG ABUSE OR DEPENDENCE, LEFT AMA",140068,ROSELAND COMMUNITY HOSPITAL,xxxxxx,CHICAGO,IL,60628,IL - Chicago,12,5570.5,5578,5527.33333333333,4.8
"001 - ALCOHOL/DRUG ABUSE OR DEPENDENCE, LEFT AMA",330160,STATEN ISLAND UNIVERSITY HOSPITAL,xxxxxx,STATEN ISLAND,NY,10305,NY - Manhattan,26,14783.9615384615,5575.61538461538,4255.38461538462,4.9
"001 - ALCOHOL/DRUG ABUSE OR DEPENDENCE, LEFT AMA",390156,MERCY FITZGERALD HOSPITAL,xxxxxx,DARBY,PA,19023,PA - Philadelphia,18,11678.7777777778,5524.22222222222,3643.55555555556,2.7
"001 - ALCOHOL/DRUG ABUSE OR DEPENDENCE, LEFT AMA",360245,GLENBEIGH,xxxxxx,ROCK CREEK,OH,44084,OH - Cleveland,17,5384.58823529412,5519.29411764706,4797.94117647059,4.5
"001 - ALCOHOL/DRUG ABUSE OR DEPENDENCE, LEFT AMA",220036,ST ELIZABETH'S MEDICAL CENTER,xxxxxx,BRIGHTON,MA,2135,MA - Boston,54,3560.07407407407,5389.2962962963,4432.88888888889,3.9
"001 - ALCOHOL/DRUG ABUSE OR DEPENDENCE, LEFT AMA",140083,LORETTO HOSPITAL,xxxxxx,CHICAGO,IL,60644,IL - Chicago,25,3270.4,5377.72,4730.72,2.2
"001 - ALCOHOL/DRUG ABUSE OR DEPENDENCE, LEFT AMA",220071,MASSACHUSETTS GENERAL HOSPITAL,xxxxxx,BOSTON,MA,2114,MA - Boston,17,22217.7058823529,5285.47058823529,4175,4.8
"001 - ALCOHOL/DRUG ABUSE OR DEPENDENCE, LEFT AMA",330246,ST CHARLES HOSPITAL,xxxxxx,PORT JEFFERSON,NY,11777,NY - East Long Island,35,35251.5142857143,5283.4,4154.17142857143,2.3
"001 - ALCOHOL/DRUG ABUSE OR DEPENDENCE, LEFT AMA",140177,JACKSON PARK HOSPITAL,xxxxxx,CHICAGO,IL,60649,IL - Chicago,17,8513.58823529412,5265.82352941176,4522.41176470588,4.6
"001 - ALCOHOL/DRUG ABUSE OR DEPENDENCE, LEFT AMA",50704,MISSION COMMUNITY HOSPITAL,xxxxxx,PANORAMA CITY,CA,91402,CA - Los Angeles,33,5522.57575757576,5255.33333333333,4924.66666666667,4.9
"001 - ALCOHOL/DRUG ABUSE OR DEPENDENCE, LEFT AMA",330261,PHELPS MEMORIAL HOSPITAL ASSN,xxxxxx,SLEEPY HOLLOW,NY,10591,NY - White Plains,38,20407.6578947368,5190.81578947368,4200.34210526316,3.7
"001 - ALCOHOL/DRUG ABUSE OR DEPENDENCE, LEFT AMA",330203,CROUSE HOSPITAL,xxxxxx,SYRACUSE,NY,13210,NY - Syracuse,31,8606.22580645161,5184.8064516129,3605.87096774194,2.9
"001 - ALCOHOL/DRUG ABUSE OR DEPENDENCE, LEFT AMA",360037,ST VINCENT CHARITY MEDICAL CENTER,xxxxxx,CLEVELAND,OH,44115,OH - Cleveland,22,5926.5,5102.22727272727,3525.95454545455,3.8
"001 - ALCOHOL/DRUG ABUSE OR DEPENDENCE, LEFT AMA",290003,SUNRISE HOSPITAL AND MEDICAL CENTER,xxxxxx,LAS VEGAS,NV,89109,NV - Las Vegas,28,14693.3571428571,5081.46428571429,4326.89285714286,4
"001 - ALCOHOL/DRUG ABUSE OR DEPENDENCE, LEFT AMA",330151,ST JAMES MERCY HOSPITAL,xxxxxx,HORNELL,NY,14843,NY - Rochester,12,8125.41666666667,5016.16666666667,4206.75,3.4
"001 - ALCOHOL/DRUG ABUSE OR DEPENDENCE, LEFT AMA",330265,CLIFTON SPRINGS HOSPITAL AND CLINIC,xxxxxx,CLIFTON SPRINGS,NY,14432,NY - Rochester,19,3995.15789473684,4852.73684210526,3988,4.8
"001 - ALCOHOL/DRUG ABUSE OR DEPENDENCE, LEFT AMA",310038,ROBERT WOOD JOHNSON UNIVERSITY HOSPITAL,xxxxxx,NEW BRUNSWICK,NJ,8901,NJ - New Brunswick,12,28811.4166666667,4839.91666666667,3860.58333333333,2.8
"001 - ALCOHOL/DRUG ABUSE OR DEPENDENCE, LEFT AMA",230207,MCLAREN OAKLAND,xxxxxx,PONTIAC,MI,48342,MI - Pontiac,61,5506.72131147541,4803.49180327869,3257.50819672131,2.6
"001 - ALCOHOL/DRUG ABUSE OR DEPENDENCE, LEFT AMA",330067,ST FRANCIS HOSPITAL,xxxxxx,POUGHKEEPSIE,NY,12601,NY - Albany,32,16114.78125,4766.90625,3611.40625,4.5
"001 - ALCOHOL/DRUG ABUSE OR DEPENDENCE, LEFT AMA",390278,EAGLEVILLE HOSPITAL,xxxxxx,EAGLEVILLE,PA,19408,PA - Philadelphia,104,3333.27884615385,4749.66346153846,4062.43269230769,2.7
"001 - ALCOHOL/DRUG ABUSE OR DEPENDENCE, LEFT AMA",140115,THOREK MEMORIAL HOSPITAL,xxxxxx,CHICAGO,IL,60613,IL - Chicago,52,2366.01923076923,4737.26923076923,4156.96153846154,2.1
"001 - ALCOHOL/DRUG ABUSE OR DEPENDENCE, LEFT AMA",330226,UNITY HOSPITAL OF ROCHESTER,xxxxxx,ROCHESTER,NY,14626,NY - Rochester,26,5907.92307692308,4505.03846153846,3231.30769230769,4.1
"001 - ALCOHOL/DRUG ABUSE OR DEPENDENCE, LEFT AMA",140240,WESTLAKE COMMUNITY HOSPITAL,xxxxxx,MELROSE PARK,IL,60160,IL - Melrose Park,14,13322.7142857143,4488.35714285714,4011.07142857143,4.3
"001 - ALCOHOL/DRUG ABUSE OR DEPENDENCE, LEFT AMA",410004,ROGER WILLIAMS MEDICAL CENTER,xxxxxx,PROVIDENCE,RI,2908,RI - Providence,13,4757.15384615385,4465.30769230769,3446.38461538462,4.9
"001 - ALCOHOL/DRUG ABUSE OR DEPENDENCE, LEFT AMA",220062,ADCARE HOSPITAL OF WORCESTER INC,xxxxxx,WORCESTER,MA,1605,MA - Worcester,362,2913.41436464088,4456.38397790055,3745.03591160221,3.9
"001 - ALCOHOL/DRUG ABUSE OR DEPENDENCE, LEFT AMA",220046,BERKSHIRE MEDICAL CENTER INC,xxxxxx,PITTSFIELD,MA,1201,NY - Albany,126,4075.42063492063,4425.97619047619,3978.10317460317,3.8
"001 - ALCOHOL/DRUG ABUSE OR DEPENDENCE, LEFT AMA",390198,MILLCREEK COMMUNITY HOSPITAL,xxxxxx,ERIE,PA,16509,PA - Erie,18,5544.72222222222,4387.66666666667,2946.61111111111,3.8
"001 - ALCOHOL/DRUG ABUSE OR DEPENDENCE, LEFT AMA",250151,ALLIANCE HEALTH CENTER,xxxxxx,MERIDIAN,MS,39301,MS - Meridian,14,5264.28571428571,4366.71428571429,3502.71428571429,2.3
"001 - ALCOHOL/DRUG ABUSE OR DEPENDENCE, LEFT AMA",50438,HUNTINGTON MEMORIAL HOSPITAL,xxxxxx,PASADENA,CA,91109,CA - Los Angeles,12,22423.75,4348,3324.41666666667,3.3
"001 - ALCOHOL/DRUG ABUSE OR DEPENDENCE, LEFT AMA",230230,EDWARD W SPARROW HOSPITAL,xxxxxx,LANSING,MI,48912,MI - Lansing,15,6580.53333333333,4339.66666666667,3318.8,2.4
"001 - ALCOHOL/DRUG ABUSE OR DEPENDENCE, LEFT AMA",500014,PROVIDENCE REGIONAL MEDICAL CENTER EVERETT,xxxxxx,EVERETT,WA,98201,WA - Everett,18,8804.61111111111,4268,2545.16666666667,4.5
"001 - ALCOHOL/DRUG ABUSE OR DEPENDENCE, LEFT AMA",360020,SUMMA HEALTH SYSTEMS HOSPITALS,xxxxxx,AKRON,OH,44309,OH - Akron,11,12727.3636363636,4245.54545454545,2698,2.5
"001 - ALCOHOL/DRUG ABUSE OR DEPENDENCE, LEFT AMA",220111,GOOD SAMARITAN MEDICAL CENTER,xxxxxx,BROCKTON,MA,2301,MA - Boston,29,2159.75862068965,4235.79310344828,3453.68965517241,3.1
"001 - ALCOHOL/DRUG ABUSE OR DEPENDENCE, LEFT AMA",50396,SANTA BARBARA COTTAGE HOSPITAL,xxxxxx,SANTA BARBARA,CA,93102,CA - Santa Barbara,11,12222.5454545455,4212.81818181818,2996.09090909091,3.9
"001 - ALCOHOL/DRUG ABUSE OR DEPENDENCE, LEFT AMA",240063,ST JOSEPH'S HOSPITAL,xxxxxx,SAINT PAUL,MN,55102,MN - St. Paul,15,10286.6,4146.53333333333,3372.8,3.1
"001 - ALCOHOL/DRUG ABUSE OR DEPENDENCE, LEFT AMA",330104,NYACK HOSPITAL,xxxxxx,NYACK,NY,10960,NJ - Hackensack,13,32041.2307692308,4129.92307692308,3381.61538461538,2.3
"001 - ALCOHOL/DRUG ABUSE OR DEPENDENCE, LEFT AMA",310064,ATLANTICARE REGIONAL MEDICAL CENTER - CITY DIV,xxxxxx,POMONA,NJ,8240,NJ - Camden,21,19867.4285714286,4117.28571428571,2912.42857142857,2.7
"001 - ALCOHOL/DRUG ABUSE OR DEPENDENCE, LEFT AMA",220119,BRIGHAM AND WOMEN'S FAULKNER HOSPITAL,xxxxxx,BOSTON,MA,2130,MA - Boston,16,12659.6875,4086.25,3153.875,3.3
"001 - ALCOHOL/DRUG ABUSE OR DEPENDENCE, LEFT AMA",520017,ST JOSEPHS HOSPITAL,xxxxxx,CHIPPEWA FALLS,WI,54729,WI - Marshfield,15,2733.6,4069.73333333333,3180.13333333333,2.9
"001 - ALCOHOL/DRUG ABUSE OR DEPENDENCE, LEFT AMA",140181,SOUTH SHORE HOSPITAL,xxxxxx,CHICAGO,IL,60617,IL - Chicago,43,6642.53488372093,4036.39534883721,3612.95348837209,4.4
"001 - ALCOHOL/DRUG ABUSE OR DEPENDENCE, LEFT AMA",50078,PROVIDENCE LITTLE CO OF MARY MED CTR SAN PEDRO,xxxxxx,SAN PEDRO,CA,90732,CA - Los Angeles,24,10913.0833333333,4032.875,3611.95833333333,3.8
"001 - ALCOHOL/DRUG ABUSE OR DEPENDENCE, LEFT AMA",260027,RESEARCH MEDICAL CENTER,xxxxxx,KANSAS CITY,MO,64132,MO - Kansas City,11,29424.2727272727,4019,3475,2.6
"001 - ALCOHOL/DRUG ABUSE OR DEPENDENCE, LEFT AMA",250128,TRI LAKES MEDICAL CENTER,xxxxxx,BATESVILLE,MS,38606,MS - Oxford,13,3446.92307692308,4003.07692307692,3120.92307692308,5
"001 - ALCOHOL/DRUG ABUSE OR DEPENDENCE, LEFT AMA",50390,HEMET VALLEY MEDICAL CENTER,xxxxxx,HEMET,CA,92543,CA - San Bernardino,13,10031.3846153846,3986.38461538462,3053.46153846154,3.3
"001 - ALCOHOL/DRUG ABUSE OR DEPENDENCE, LEFT AMA",220074,"SOUTHCOAST HOSPITAL GROUP, INC",xxxxxx,FALL RIVER,MA,2720,MA - Boston,16,10608.8125,3970.9375,3457.9375,4
"001 - ALCOHOL/DRUG ABUSE OR DEPENDENCE, LEFT AMA",220033,BEVERLY HOSPITAL CORPORATION,xxxxxx,BEVERLY,MA,1915,MA - Boston,17,5423.52941176471,3920.94117647059,3400.23529411765,2.1
"001 - ALCOHOL/DRUG ABUSE OR DEPENDENCE, LEFT AMA",230197,GENESYS REGIONAL MEDICAL CENTER - HEALTH PARK,xxxxxx,GRAND BLANC,MI,48439,MI - Flint,12,10383.1666666667,3918,3680.66666666667,4
"001 - ALCOHOL/DRUG ABUSE OR DEPENDENCE, LEFT AMA",330224,HEALTH ALLIANCE HOSPITAL MARY'S AVENUE CAMPUS,xxxxxx,KINGSTON,NY,12401,NY - Albany,16,9543.875,3891,2818.125,2.2
"001 - ALCOHOL/DRUG ABUSE OR DEPENDENCE, LEFT AMA",140133,HOLY CROSS HOSPITAL,xxxxxx,CHICAGO,IL,60629,IL - Chicago,16,3630.75,3885.1875,3513.1875,4.3
"001 - ALCOHOL/DRUG ABUSE OR DEPENDENCE, LEFT AMA",330141,BROOKHAVEN MEMORIAL HOSPITAL MEDICAL CENTER,xxxxxx,PATCHOGUE,NY,11772,NY - East Long Island,12,15684.8333333333,3826.08333333333,3272.58333333333,4.9
"001 - ALCOHOL/DRUG ABUSE OR DEPENDENCE, LEFT AMA",250031,RIVER REGION HEALTH SYSTEM,xxxxxx,VICKSBURG,MS,39183,MS - Jackson,16,16043.6875,3794.3125,3188.3125,3.7
"001 - ALCOHOL/DRUG ABUSE OR DEPENDENCE, LEFT AMA",500024,PROVIDENCE ST PETER HOSPITAL,xxxxxx,OLYMPIA,WA,98506,WA - Olympia,11,8512.18181818182,3791.27272727273,2825.45454545455,4.1
"001 - ALCOHOL/DRUG ABUSE OR DEPENDENCE, LEFT AMA",140191,INGALLS MEMORIAL HOSPITAL,xxxxxx,HARVEY,IL,60426,IL - Blue Island,40,24381.85,3733.125,3030.05,3.4
"001 - ALCOHOL/DRUG ABUSE OR DEPENDENCE, LEFT AMA",500011,HIGHLINE MEDICAL CENTER,xxxxxx,BURIEN,WA,98166,WA - Seattle,13,7365.07692307692,3729.92307692308,3081,3.3
"001 - ALCOHOL/DRUG ABUSE OR DEPENDENCE, LEFT AMA",160067,COVENANT MEDICAL CENTER,xxxxxx,WATERLOO,IA,50702,IA - Waterloo,22,7106.09090909091,3725.40909090909,2908.04545454545,2.4
"001 - ALCOHOL/DRUG ABUSE OR DEPENDENCE, LEFT AMA",260040,COX MEDICAL CENTER,xxxxxx,SPRINGFIELD,MO,65807,MO - Springfield,13,12236.0769230769,3637.84615384615,2616.30769230769,2.5
"001 - ALCOHOL/DRUG ABUSE OR DEPENDENCE, LEFT AMA",330135,BON SECOURS COMMUNITY HOSPITAL,xxxxxx,PORT JERVIS,NY,12771,NJ - Morristown,17,8763.64705882353,3625.23529411765,2911.82352941176,2.3
"001 - ALCOHOL/DRUG ABUSE OR DEPENDENCE, LEFT AMA",390113,MEADVILLE MEDICAL CENTER,xxxxxx,MEADVILLE,PA,16335,PA - Erie,13,9867.07692307692,3605.53846153846,2249.07692307692,4.2
"001 - ALCOHOL/DRUG ABUSE OR DEPENDENCE, LEFT AMA",180080,BAPTIST HEALTH CORBIN,xxxxxx,CORBIN,KY,40701,KY - Lexington,17,5900.47058823529,3556.52941176471,2683.47058823529,3.6
"001 - ALCOHOL/DRUG ABUSE OR DEPENDENCE, LEFT AMA",330057,ST PETER'S HOSPITAL,xxxxxx,ALBANY,NY,12208,NY - Albany,47,9684.36170212766,3537.17021276596,2478.76595744681,2.6
"001 - ALCOHOL/DRUG ABUSE OR DEPENDENCE, LEFT AMA",330108,"ST JOSEPH'S HOSPITAL, INC",xxxxxx,ELMIRA,NY,14902,NY - Elmira,11,5773.36363636364,3525.45454545455,2536.36363636364,4.5
"001 - ALCOHOL/DRUG ABUSE OR DEPENDENCE, LEFT AMA",330197,CANTON-POTSDAM HOSPITAL,xxxxxx,POTSDAM,NY,13676,VT - Burlington,21,8433,3478.85714285714,2730.66666666667,2.8
"001 - ALCOHOL/DRUG ABUSE OR DEPENDENCE, LEFT AMA",330232,ST MARY'S HOSPITAL ( TROY ),xxxxxx,TROY,NY,12180,NY - Albany,46,8934.30434782609,3470.76086956522,2761.89130434783,3.7
"001 - ALCOHOL/DRUG ABUSE OR DEPENDENCE, LEFT AMA",330239,WOMAN'S CHRISTIAN ASSOCIATION,xxxxxx,JAMESTOWN,NY,14701,PA - Erie,16,5693.9375,3435.375,3059.375,3.6
"001 - ALCOHOL/DRUG ABUSE OR DEPENDENCE, LEFT AMA",330047,ST MARY'S HOSPITAL AT AMSTERDAM,xxxxxx,AMSTERDAM,NY,12010,NY - Albany,24,12300.5833333333,3426,3224.66666666667,2.4
"001 - ALCOHOL/DRUG ABUSE OR DEPENDENCE, LEFT AMA",220174,MERRIMACK VALLEY HOSPITAL,xxxxxx,HAVERHILL,MA,1830,MA - Boston,20,3594.6,3416,2808,2.2
"001 - ALCOHOL/DRUG ABUSE OR DEPENDENCE, LEFT AMA",360087,LUTHERAN HOSPITAL,xxxxxx,CLEVELAND,OH,44113,OH - Cleveland,14,8391.71428571428,3367.57142857143,2808,2.1
"001 - ALCOHOL/DRUG ABUSE OR DEPENDENCE, LEFT AMA",10022,CHEROKEE MEDICAL CENTER,xxxxxx,CENTRE,AL,35960,GA - Rome,20,7879.65,3342.5,2781.7,3.6
"001 - ALCOHOL/DRUG ABUSE OR DEPENDENCE, LEFT AMA",140127,ADVOCATE BROMENN MEDICAL CENTER,xxxxxx,NORMAL,IL,61761,IL - Bloomington,46,16203.4565217391,3340.17391304348,2311.32608695652,4.5
"001 - ALCOHOL/DRUG ABUSE OR DEPENDENCE, LEFT AMA",200008,MERCY HOSPITAL,xxxxxx,PORTLAND,ME,4101,ME - Portland,14,4343.64285714286,3331.92857142857,2639.35714285714,2.8
"001 - ALCOHOL/DRUG ABUSE OR DEPENDENCE, LEFT AMA",100255,TAMPA COMMUNITY HOSPITAL,xxxxxx,TAMPA,FL,33615,FL - Tampa,31,14720.3548387097,3306.09677419355,2742.90322580645,4.4
"001 - ALCOHOL/DRUG ABUSE OR DEPENDENCE, LEFT AMA",250058,SOUTH CENTRAL REG MED CTR,xxxxxx,LAUREL,MS,39440,MS - Hattiesburg,20,3314.1,3254.5,2350.5,3.3
"001 - ALCOHOL/DRUG ABUSE OR DEPENDENCE, LEFT AMA",140280,TRINITY ROCK ISLAND,xxxxxx,ROCK ISLAND,IL,61201,IA - Davenport,29,6685.41379310345,3174.62068965517,2633.93103448276,2.4
"001 - ALCOHOL/DRUG ABUSE OR DEPENDENCE, LEFT AMA",180001,ST ELIZABETH FT THOMAS,xxxxxx,FORT THOMAS,KY,41075,KY - Covington,24,9147.16666666667,3062.83333333333,2123.70833333333,4.8
"001 - ALCOHOL/DRUG ABUSE OR DEPENDENCE, LEFT AMA",390168,BUTLER MEMORIAL HOSPITAL,xxxxxx,BUTLER,PA,16001,PA - Pittsburgh,30,8317.86666666667,3020.23333333333,2268.76666666667,3.7
"001 - ALCOHOL/DRUG ABUSE OR DEPENDENCE, LEFT AMA",230002,ST MARY MERCY HOSPITAL,xxxxxx,LIVONIA,MI,48154,MI - Ann Arbor,22,3234.95454545455,2988,2188.27272727273,4
"001 - ALCOHOL/DRUG ABUSE OR DEPENDENCE, LEFT AMA",390137,WILKES-BARRE GENERAL HOSPITAL,xxxxxx,WILKES-BARRE,PA,18764,PA - Wilkes-Barre,11,10226.7272727273,2858.63636363636,2241.72727272727,4.9
"001 - ALCOHOL/DRUG ABUSE OR DEPENDENCE, LEFT AMA",230275,HEALTHSOURCE SAGINAW,xxxxxx,SAGINAW,MI,48603,MI - Saginaw,23,1367.65217391304,2804.86956521739,2005.04347826087,2.9
"001 - ALCOHOL/DRUG ABUSE OR DEPENDENCE, LEFT AMA",10073,CLAY COUNTY HOSPITAL,xxxxxx,ASHLAND,AL,36251,AL - Birmingham,16,2213.25,2781,2120.5,4.1
"001 - ALCOHOL/DRUG ABUSE OR DEPENDENCE, LEFT AMA",150179,FAIRBANKS,xxxxxx,INDIANAPOLIS,IN,46256,IN - Indianapolis,61,6406.11475409836,2577.16393442623,1704.77049180328,3.9
"001 - ALCOHOL/DRUG ABUSE OR DEPENDENCE, LEFT AMA",210029,JOHNS HOPKINS BAYVIEW MEDICAL CENTER,xxxxxx,BALTIMORE,MD,21224,MD - Baltimore,27,2756.2962962963,2550.14814814815,1985.25925925926,4.3
"001 - ALCOHOL/DRUG ABUSE OR DEPENDENCE, LEFT AMA",110209,TURNING POINT HOSPITAL,xxxxxx,MOULTRIE,GA,31788,FL - Tallahassee,46,2266.41304347826,2503.91304347826,1954.9347826087,3.6
"001 - ALCOHOL/DRUG ABUSE OR DEPENDENCE, LEFT AMA",340168,WILMINGTON TREATMENT CENTER,xxxxxx,WILMINGTON,NC,28401,NC - Wilmington,15,2633.33333333333,2344.4,1540.86666666667,2.9
"001 - ALCOHOL/DRUG ABUSE OR DEPENDENCE, LEFT AMA",140013,PROCTOR HOSPITAL,xxxxxx,PEORIA,IL,61614,IL - Peoria,29,20758.4827586207,2320.48275862069,1613.1724137931,3.7